"customerid","total_orders","total_spending","average_order_value","customer_type","customer_segment"
"C38840",2,5723.23,2861.62,"Repeat Customer","VIP Customer"
"C57276",1,3456.40,3456.40,"One Time Customer","VIP Customer"
"C67260",1,3390.80,3390.80,"One Time Customer","VIP Customer"
"C13877",1,3384.90,3384.90,"One Time Customer","VIP Customer"
"C18404",1,3370.20,3370.20,"One Time Customer","VIP Customer"
"C16775",1,3353.75,3353.75,"One Time Customer","VIP Customer"
"C65986",1,3352.40,3352.40,"One Time Customer","VIP Customer"
"C47778",1,3334.00,3334.00,"One Time Customer","VIP Customer"
"C59183",1,3322.55,3322.55,"One Time Customer","VIP Customer"
"C25276",1,3313.90,3313.90,"One Time Customer","VIP Customer"
"C53464",1,3299.25,3299.25,"One Time Customer","VIP Customer"
"C13108",1,3293.85,3293.85,"One Time Customer","VIP Customer"
"C88029",1,3277.75,3277.75,"One Time Customer","VIP Customer"
"C27202",1,3267.35,3267.35,"One Time Customer","VIP Customer"
"C35987",1,3267.30,3267.30,"One Time Customer","VIP Customer"
"C36725",1,3253.60,3253.60,"One Time Customer","VIP Customer"
"C87281",1,3243.25,3243.25,"One Time Customer","VIP Customer"
"C84331",1,3223.20,3223.20,"One Time Customer","VIP Customer"
"C73575",1,3219.45,3219.45,"One Time Customer","VIP Customer"
"C88205",1,3215.15,3215.15,"One Time Customer","VIP Customer"
"C93473",1,3196.85,3196.85,"One Time Customer","VIP Customer"
"C52879",1,3194.60,3194.60,"One Time Customer","VIP Customer"
"C48453",1,3194.00,3194.00,"One Time Customer","VIP Customer"
"C89979",1,3170.00,3170.00,"One Time Customer","VIP Customer"
"C85282",1,3143.70,3143.70,"One Time Customer","VIP Customer"
"C35983",1,3137.15,3137.15,"One Time Customer","VIP Customer"
"C43443",1,3129.85,3129.85,"One Time Customer","VIP Customer"
"C35377",1,3119.05,3119.05,"One Time Customer","VIP Customer"
"C15624",1,3097.60,3097.60,"One Time Customer","VIP Customer"
"C20817",1,3078.35,3078.35,"One Time Customer","VIP Customer"
"C36408",1,3075.50,3075.50,"One Time Customer","VIP Customer"
"C90363",1,3044.55,3044.55,"One Time Customer","VIP Customer"
"C39074",1,3032.60,3032.60,"One Time Customer","VIP Customer"
"C79533",1,3008.60,3008.60,"One Time Customer","VIP Customer"
"C71310",1,2922.30,2922.30,"One Time Customer","Standard Customer"
"C35669",1,2894.15,2894.15,"One Time Customer","Standard Customer"
"C11415",1,2876.20,2876.20,"One Time Customer","Standard Customer"
"C55286",1,2873.95,2873.95,"One Time Customer","Standard Customer"
"C97593",2,2855.22,1427.61,"Repeat Customer","Standard Customer"
"C72649",1,2853.10,2853.10,"One Time Customer","Standard Customer"
"C50415",1,2830.35,2830.35,"One Time Customer","Standard Customer"
"C43595",1,2807.40,2807.40,"One Time Customer","Standard Customer"
"C83911",1,2799.52,2799.52,"One Time Customer","Standard Customer"
"C18717",1,2793.15,2793.15,"One Time Customer","Standard Customer"
"C29703",1,2790.00,2790.00,"One Time Customer","Standard Customer"
"C98317",1,2786.84,2786.84,"One Time Customer","Standard Customer"
"C23405",1,2780.40,2780.40,"One Time Customer","Standard Customer"
"C43124",1,2773.44,2773.44,"One Time Customer","Standard Customer"
"C84134",1,2772.28,2772.28,"One Time Customer","Standard Customer"
"C22783",1,2771.64,2771.64,"One Time Customer","Standard Customer"
"C20512",1,2763.12,2763.12,"One Time Customer","Standard Customer"
"C52717",1,2756.35,2756.35,"One Time Customer","Standard Customer"
"C81728",1,2753.40,2753.40,"One Time Customer","Standard Customer"
"C99116",1,2746.44,2746.44,"One Time Customer","Standard Customer"
"C94311",1,2740.80,2740.80,"One Time Customer","Standard Customer"
"C32956",1,2715.80,2715.80,"One Time Customer","Standard Customer"
"C13366",1,2714.20,2714.20,"One Time Customer","Standard Customer"
"C72241",1,2709.48,2709.48,"One Time Customer","Standard Customer"
"C12388",1,2683.60,2683.60,"One Time Customer","Standard Customer"
"C70566",1,2682.90,2682.90,"One Time Customer","Standard Customer"
"C19648",1,2673.44,2673.44,"One Time Customer","Standard Customer"
"C92049",1,2666.08,2666.08,"One Time Customer","Standard Customer"
"C48942",1,2654.68,2654.68,"One Time Customer","Standard Customer"
"C80223",1,2651.76,2651.76,"One Time Customer","Standard Customer"
"C88075",1,2651.70,2651.70,"One Time Customer","Standard Customer"
"C70148",1,2647.75,2647.75,"One Time Customer","Standard Customer"
"C65083",1,2631.16,2631.16,"One Time Customer","Standard Customer"
"C43524",1,2621.30,2621.30,"One Time Customer","Standard Customer"
"C70437",1,2620.72,2620.72,"One Time Customer","Standard Customer"
"C87181",1,2619.16,2619.16,"One Time Customer","Standard Customer"
"C27070",1,2612.52,2612.52,"One Time Customer","Standard Customer"
"C91591",1,2609.92,2609.92,"One Time Customer","Standard Customer"
"C76207",1,2606.25,2606.25,"One Time Customer","Standard Customer"
"C31761",1,2600.16,2600.16,"One Time Customer","Standard Customer"
"C85841",1,2597.88,2597.88,"One Time Customer","Standard Customer"
"C66093",1,2595.64,2595.64,"One Time Customer","Standard Customer"
"C84630",1,2592.75,2592.75,"One Time Customer","Standard Customer"
"C69213",1,2579.84,2579.84,"One Time Customer","Standard Customer"
"C18820",1,2573.00,2573.00,"One Time Customer","Standard Customer"
"C58773",1,2567.45,2567.45,"One Time Customer","Standard Customer"
"C30411",1,2551.16,2551.16,"One Time Customer","Standard Customer"
"C89592",1,2547.90,2547.90,"One Time Customer","Standard Customer"
"C55996",1,2543.45,2543.45,"One Time Customer","Standard Customer"
"C79475",1,2542.95,2542.95,"One Time Customer","Standard Customer"
"C88463",1,2539.70,2539.70,"One Time Customer","Standard Customer"
"C96434",1,2536.20,2536.20,"One Time Customer","Standard Customer"
"C81370",1,2532.25,2532.25,"One Time Customer","Standard Customer"
"C34266",1,2519.52,2519.52,"One Time Customer","Standard Customer"
"C59169",1,2517.36,2517.36,"One Time Customer","Standard Customer"
"C58108",1,2517.36,2517.36,"One Time Customer","Standard Customer"
"C27898",1,2513.55,2513.55,"One Time Customer","Standard Customer"
"C76766",1,2512.48,2512.48,"One Time Customer","Standard Customer"
"C78500",1,2512.35,2512.35,"One Time Customer","Standard Customer"
"C24751",1,2506.30,2506.30,"One Time Customer","Standard Customer"
"C81840",1,2504.04,2504.04,"One Time Customer","Standard Customer"
"C77272",1,2492.40,2492.40,"One Time Customer","Standard Customer"
"C60329",1,2476.75,2476.75,"One Time Customer","Standard Customer"
"C92575",1,2464.70,2464.70,"One Time Customer","Standard Customer"
"C98216",1,2463.75,2463.75,"One Time Customer","Standard Customer"
"C50236",1,2463.32,2463.32,"One Time Customer","Standard Customer"
"C27613",1,2462.60,2462.60,"One Time Customer","Standard Customer"
"C71698",1,2446.85,2446.85,"One Time Customer","Standard Customer"
"C88981",1,2445.04,2445.04,"One Time Customer","Standard Customer"
"C20861",1,2441.75,2441.75,"One Time Customer","Standard Customer"
"C63372",1,2428.55,2428.55,"One Time Customer","Standard Customer"
"C95643",1,2426.28,2426.28,"One Time Customer","Standard Customer"
"C51145",1,2403.24,2403.24,"One Time Customer","Standard Customer"
"C87994",1,2392.76,2392.76,"One Time Customer","Standard Customer"
"C37455",1,2380.05,2380.05,"One Time Customer","Standard Customer"
"C45599",1,2379.75,2379.75,"One Time Customer","Standard Customer"
"C97603",1,2373.08,2373.08,"One Time Customer","Standard Customer"
"C20077",1,2372.88,2372.88,"One Time Customer","Standard Customer"
"C59278",1,2360.05,2360.05,"One Time Customer","Standard Customer"
"C53810",1,2358.28,2358.28,"One Time Customer","Standard Customer"
"C19451",1,2357.76,2357.76,"One Time Customer","Standard Customer"
"C33634",1,2355.40,2355.40,"One Time Customer","Standard Customer"
"C84480",1,2342.55,2342.55,"One Time Customer","Standard Customer"
"C50097",1,2339.05,2339.05,"One Time Customer","Standard Customer"
"C69994",1,2332.10,2332.10,"One Time Customer","Standard Customer"
"C18105",1,2332.08,2332.08,"One Time Customer","Standard Customer"
"C70613",1,2323.70,2323.70,"One Time Customer","Standard Customer"
"C70412",1,2313.12,2313.12,"One Time Customer","Standard Customer"
"C66840",1,2313.08,2313.08,"One Time Customer","Standard Customer"
"C61849",1,2311.28,2311.28,"One Time Customer","Standard Customer"
"C57798",1,2308.32,2308.32,"One Time Customer","Standard Customer"
"C33744",1,2307.48,2307.48,"One Time Customer","Standard Customer"
"C67195",1,2306.08,2306.08,"One Time Customer","Standard Customer"
"C97218",1,2300.70,2300.70,"One Time Customer","Standard Customer"
"C69009",1,2280.30,2280.30,"One Time Customer","Standard Customer"
"C17181",1,2276.65,2276.65,"One Time Customer","Standard Customer"
"C71680",1,2270.28,2270.28,"One Time Customer","Standard Customer"
"C65799",1,2260.80,2260.80,"One Time Customer","Standard Customer"
"C57502",1,2242.32,2242.32,"One Time Customer","Standard Customer"
"C74005",1,2240.75,2240.75,"One Time Customer","Standard Customer"
"C21167",1,2235.60,2235.60,"One Time Customer","Standard Customer"
"C32960",1,2223.80,2223.80,"One Time Customer","Standard Customer"
"C93467",1,2219.32,2219.32,"One Time Customer","Standard Customer"
"C43212",1,2200.56,2200.56,"One Time Customer","Standard Customer"
"C63153",1,2199.04,2199.04,"One Time Customer","Standard Customer"
"C85993",1,2189.28,2189.28,"One Time Customer","Standard Customer"
"C22167",1,2178.30,2178.30,"One Time Customer","Standard Customer"
"C98474",2,2175.34,1087.67,"Repeat Customer","Standard Customer"
"C97681",1,2166.30,2166.30,"One Time Customer","Standard Customer"
"C15681",1,2161.64,2161.64,"One Time Customer","Standard Customer"
"C81726",1,2161.36,2161.36,"One Time Customer","Standard Customer"
"C39638",1,2161.32,2161.32,"One Time Customer","Standard Customer"
"C55632",1,2158.45,2158.45,"One Time Customer","Standard Customer"
"C14576",1,2156.80,2156.80,"One Time Customer","Standard Customer"
"C48939",1,2147.25,2147.25,"One Time Customer","Standard Customer"
"C41478",1,2138.28,2138.28,"One Time Customer","Standard Customer"
"C71570",1,2137.92,2137.92,"One Time Customer","Standard Customer"
"C91029",1,2131.48,2131.48,"One Time Customer","Standard Customer"
"C65056",1,2129.96,2129.96,"One Time Customer","Standard Customer"
"C64641",1,2119.65,2119.65,"One Time Customer","Standard Customer"
"C36383",1,2107.20,2107.20,"One Time Customer","Standard Customer"
"C13205",1,2107.10,2107.10,"One Time Customer","Standard Customer"
"C27435",1,2104.90,2104.90,"One Time Customer","Standard Customer"
"C98168",1,2103.50,2103.50,"One Time Customer","Standard Customer"
"C41974",1,2099.79,2099.79,"One Time Customer","Standard Customer"
"C59441",1,2092.65,2092.65,"One Time Customer","Standard Customer"
"C39593",1,2078.13,2078.13,"One Time Customer","Standard Customer"
"C20357",1,2077.32,2077.32,"One Time Customer","Standard Customer"
"C39911",1,2073.60,2073.60,"One Time Customer","Standard Customer"
"C84524",1,2071.92,2071.92,"One Time Customer","Standard Customer"
"C59338",1,2070.90,2070.90,"One Time Customer","Standard Customer"
"C61090",1,2062.36,2062.36,"One Time Customer","Standard Customer"
"C38126",1,2060.76,2060.76,"One Time Customer","Standard Customer"
"C80004",1,2052.42,2052.42,"One Time Customer","Standard Customer"
"C97643",1,2051.00,2051.00,"One Time Customer","Standard Customer"
"C53070",1,2048.24,2048.24,"One Time Customer","Standard Customer"
"C86762",1,2043.65,2043.65,"One Time Customer","Standard Customer"
"C74982",1,2042.80,2042.80,"One Time Customer","Standard Customer"
"C31412",1,2042.32,2042.32,"One Time Customer","Standard Customer"
"C31946",1,2037.52,2037.52,"One Time Customer","Standard Customer"
"C82344",1,2028.63,2028.63,"One Time Customer","Standard Customer"
"C70315",1,2024.44,2024.44,"One Time Customer","Standard Customer"
"C38966",1,2021.95,2021.95,"One Time Customer","Standard Customer"
"C20643",1,2011.96,2011.96,"One Time Customer","Standard Customer"
"C75018",1,2007.18,2007.18,"One Time Customer","Standard Customer"
"C71899",1,2004.99,2004.99,"One Time Customer","Standard Customer"
"C74866",1,1994.37,1994.37,"One Time Customer","Standard Customer"
"C98761",1,1994.04,1994.04,"One Time Customer","Standard Customer"
"C95901",1,1993.38,1993.38,"One Time Customer","Standard Customer"
"C76675",1,1991.79,1991.79,"One Time Customer","Standard Customer"
"C88775",1,1989.05,1989.05,"One Time Customer","Standard Customer"
"C32183",1,1985.67,1985.67,"One Time Customer","Standard Customer"
"C80872",1,1984.30,1984.30,"One Time Customer","Standard Customer"
"C70492",1,1984.00,1984.00,"One Time Customer","Standard Customer"
"C55164",1,1979.64,1979.64,"One Time Customer","Standard Customer"
"C90757",1,1979.36,1979.36,"One Time Customer","Standard Customer"
"C33729",1,1978.71,1978.71,"One Time Customer","Standard Customer"
"C63827",1,1974.92,1974.92,"One Time Customer","Standard Customer"
"C46873",1,1965.16,1965.16,"One Time Customer","Standard Customer"
"C36534",1,1963.62,1963.62,"One Time Customer","Standard Customer"
"C68266",1,1960.89,1960.89,"One Time Customer","Standard Customer"
"C60575",1,1959.30,1959.30,"One Time Customer","Standard Customer"
"C67551",1,1955.12,1955.12,"One Time Customer","Standard Customer"
"C91582",1,1949.79,1949.79,"One Time Customer","Standard Customer"
"C60361",1,1948.10,1948.10,"One Time Customer","Standard Customer"
"C96136",1,1946.10,1946.10,"One Time Customer","Standard Customer"
"C73289",1,1945.77,1945.77,"One Time Customer","Standard Customer"
"C49198",1,1940.37,1940.37,"One Time Customer","Standard Customer"
"C94568",1,1939.40,1939.40,"One Time Customer","Standard Customer"
"C81192",1,1939.02,1939.02,"One Time Customer","Standard Customer"
"C87995",1,1925.92,1925.92,"One Time Customer","Standard Customer"
"C29685",1,1923.45,1923.45,"One Time Customer","Standard Customer"
"C65524",1,1919.10,1919.10,"One Time Customer","Standard Customer"
"C38557",1,1915.50,1915.50,"One Time Customer","Standard Customer"
"C66332",1,1907.94,1907.94,"One Time Customer","Standard Customer"
"C22657",1,1901.91,1901.91,"One Time Customer","Standard Customer"
"C60190",1,1898.76,1898.76,"One Time Customer","Standard Customer"
"C28648",1,1895.44,1895.44,"One Time Customer","Standard Customer"
"C36613",1,1894.92,1894.92,"One Time Customer","Standard Customer"
"C78725",1,1880.36,1880.36,"One Time Customer","Standard Customer"
"C43545",1,1876.25,1876.25,"One Time Customer","Standard Customer"
"C32580",1,1874.95,1874.95,"One Time Customer","Standard Customer"
"C69021",1,1874.52,1874.52,"One Time Customer","Standard Customer"
"C26966",1,1872.90,1872.90,"One Time Customer","Standard Customer"
"C95623",1,1870.02,1870.02,"One Time Customer","Standard Customer"
"C66112",1,1866.80,1866.80,"One Time Customer","Standard Customer"
"C85520",1,1862.64,1862.64,"One Time Customer","Standard Customer"
"C63619",1,1857.63,1857.63,"One Time Customer","Standard Customer"
"C71797",1,1857.16,1857.16,"One Time Customer","Standard Customer"
"C70659",2,1853.96,926.98,"Repeat Customer","Standard Customer"
"C33220",1,1852.16,1852.16,"One Time Customer","Standard Customer"
"C46886",1,1849.17,1849.17,"One Time Customer","Standard Customer"
"C36813",1,1842.45,1842.45,"One Time Customer","Standard Customer"
"C74359",1,1841.25,1841.25,"One Time Customer","Standard Customer"
"C20212",1,1834.35,1834.35,"One Time Customer","Standard Customer"
"C18583",1,1822.10,1822.10,"One Time Customer","Standard Customer"
"C93309",1,1821.40,1821.40,"One Time Customer","Standard Customer"
"C91805",1,1819.23,1819.23,"One Time Customer","Standard Customer"
"C46015",1,1812.30,1812.30,"One Time Customer","Standard Customer"
"C69396",1,1808.25,1808.25,"One Time Customer","Standard Customer"
"C97774",1,1807.88,1807.88,"One Time Customer","Standard Customer"
"C95213",1,1806.72,1806.72,"One Time Customer","Standard Customer"
"C43919",1,1804.80,1804.80,"One Time Customer","Standard Customer"
"C96257",1,1803.00,1803.00,"One Time Customer","Standard Customer"
"C51157",1,1778.61,1778.61,"One Time Customer","Standard Customer"
"C20731",1,1777.76,1777.76,"One Time Customer","Standard Customer"
"C29041",1,1768.68,1768.68,"One Time Customer","Standard Customer"
"C18984",1,1767.90,1767.90,"One Time Customer","Standard Customer"
"C18076",1,1766.22,1766.22,"One Time Customer","Standard Customer"
"C78684",1,1765.32,1765.32,"One Time Customer","Standard Customer"
"C31501",1,1764.15,1764.15,"One Time Customer","Standard Customer"
"C60042",1,1761.24,1761.24,"One Time Customer","Standard Customer"
"C97907",1,1758.63,1758.63,"One Time Customer","Standard Customer"
"C88645",1,1751.16,1751.16,"One Time Customer","Standard Customer"
"C20977",1,1740.48,1740.48,"One Time Customer","Standard Customer"
"C66462",1,1739.60,1739.60,"One Time Customer","Standard Customer"
"C71040",1,1739.40,1739.40,"One Time Customer","Standard Customer"
"C33313",1,1738.65,1738.65,"One Time Customer","Standard Customer"
"C39176",1,1737.68,1737.68,"One Time Customer","Standard Customer"
"C48176",1,1736.92,1736.92,"One Time Customer","Standard Customer"
"C17269",1,1733.80,1733.80,"One Time Customer","Standard Customer"
"C90852",1,1725.03,1725.03,"One Time Customer","Standard Customer"
"C97262",1,1724.04,1724.04,"One Time Customer","Standard Customer"
"C80151",1,1723.32,1723.32,"One Time Customer","Standard Customer"
"C96595",1,1719.66,1719.66,"One Time Customer","Standard Customer"
"C82217",1,1717.48,1717.48,"One Time Customer","Standard Customer"
"C28152",1,1714.59,1714.59,"One Time Customer","Standard Customer"
"C25967",1,1709.80,1709.80,"One Time Customer","Standard Customer"
"C41320",1,1709.52,1709.52,"One Time Customer","Standard Customer"
"C71473",1,1709.20,1709.20,"One Time Customer","Standard Customer"
"C39530",1,1704.15,1704.15,"One Time Customer","Standard Customer"
"C14114",1,1704.06,1704.06,"One Time Customer","Standard Customer"
"C55636",1,1702.40,1702.40,"One Time Customer","Standard Customer"
"C21665",1,1700.72,1700.72,"One Time Customer","Standard Customer"
"C69332",1,1695.75,1695.75,"One Time Customer","Standard Customer"
"C33315",1,1687.65,1687.65,"One Time Customer","Standard Customer"
"C83026",1,1686.90,1686.90,"One Time Customer","Standard Customer"
"C94569",2,1675.35,837.68,"Repeat Customer","Standard Customer"
"C43911",1,1674.84,1674.84,"One Time Customer","Standard Customer"
"C92407",1,1672.23,1672.23,"One Time Customer","Standard Customer"
"C38928",1,1671.56,1671.56,"One Time Customer","Standard Customer"
"C28740",1,1670.97,1670.97,"One Time Customer","Standard Customer"
"C99683",1,1663.20,1663.20,"One Time Customer","Standard Customer"
"C68936",1,1662.75,1662.75,"One Time Customer","Standard Customer"
"C35628",1,1660.71,1660.71,"One Time Customer","Standard Customer"
"C67561",1,1660.56,1660.56,"One Time Customer","Standard Customer"
"C14891",1,1654.96,1654.96,"One Time Customer","Standard Customer"
"C99775",1,1654.84,1654.84,"One Time Customer","Standard Customer"
"C93276",1,1652.25,1652.25,"One Time Customer","Standard Customer"
"C67870",1,1648.80,1648.80,"One Time Customer","Standard Customer"
"C85421",1,1641.45,1641.45,"One Time Customer","Standard Customer"
"C48577",1,1640.84,1640.84,"One Time Customer","Standard Customer"
"C73893",1,1638.40,1638.40,"One Time Customer","Standard Customer"
"C49710",1,1637.12,1637.12,"One Time Customer","Standard Customer"
"C23555",1,1633.44,1633.44,"One Time Customer","Standard Customer"
"C73587",1,1632.84,1632.84,"One Time Customer","Standard Customer"
"C27401",1,1619.73,1619.73,"One Time Customer","Standard Customer"
"C18138",1,1618.38,1618.38,"One Time Customer","Standard Customer"
"C86266",1,1618.32,1618.32,"One Time Customer","Standard Customer"
"C20256",1,1616.22,1616.22,"One Time Customer","Standard Customer"
"C30686",1,1614.32,1614.32,"One Time Customer","Standard Customer"
"C66521",1,1600.28,1600.28,"One Time Customer","Standard Customer"
"C64502",1,1600.05,1600.05,"One Time Customer","Standard Customer"
"C84700",1,1599.85,1599.85,"One Time Customer","Standard Customer"
"C53277",1,1595.16,1595.16,"One Time Customer","Standard Customer"
"C33110",1,1584.42,1584.42,"One Time Customer","Standard Customer"
"C11893",1,1582.00,1582.00,"One Time Customer","Standard Customer"
"C87216",1,1580.35,1580.35,"One Time Customer","Standard Customer"
"C65890",1,1577.85,1577.85,"One Time Customer","Standard Customer"
"C18944",1,1575.20,1575.20,"One Time Customer","Standard Customer"
"C72588",1,1574.70,1574.70,"One Time Customer","Standard Customer"
"C88036",1,1571.35,1571.35,"One Time Customer","Standard Customer"
"C25580",1,1563.36,1563.36,"One Time Customer","Standard Customer"
"C35123",1,1546.92,1546.92,"One Time Customer","Standard Customer"
"C57867",1,1543.68,1543.68,"One Time Customer","Standard Customer"
"C62042",1,1539.90,1539.90,"One Time Customer","Standard Customer"
"C76653",1,1539.40,1539.40,"One Time Customer","Standard Customer"
"C59752",1,1538.80,1538.80,"One Time Customer","Standard Customer"
"C66149",1,1537.28,1537.28,"One Time Customer","Standard Customer"
"C58638",1,1531.52,1531.52,"One Time Customer","Standard Customer"
"C50274",1,1528.26,1528.26,"One Time Customer","Standard Customer"
"C53627",1,1527.45,1527.45,"One Time Customer","Standard Customer"
"C60029",1,1524.36,1524.36,"One Time Customer","Standard Customer"
"C64516",1,1517.37,1517.37,"One Time Customer","Standard Customer"
"C49111",1,1510.17,1510.17,"One Time Customer","Standard Customer"
"C77763",1,1508.31,1508.31,"One Time Customer","Standard Customer"
"C44148",1,1505.72,1505.72,"One Time Customer","Standard Customer"
"C29059",1,1503.90,1503.90,"One Time Customer","Standard Customer"
"C26445",1,1500.24,1500.24,"One Time Customer","Standard Customer"
"C60572",1,1497.63,1497.63,"One Time Customer","Standard Customer"
"C53334",1,1496.04,1496.04,"One Time Customer","Standard Customer"
"C11998",1,1495.98,1495.98,"One Time Customer","Standard Customer"
"C90898",1,1491.95,1491.95,"One Time Customer","Standard Customer"
"C60384",1,1484.28,1484.28,"One Time Customer","Standard Customer"
"C49831",1,1474.29,1474.29,"One Time Customer","Standard Customer"
"C41598",1,1472.76,1472.76,"One Time Customer","Standard Customer"
"C61280",1,1472.22,1472.22,"One Time Customer","Standard Customer"
"C10002",1,1470.03,1470.03,"One Time Customer","Standard Customer"
"C12813",1,1462.70,1462.70,"One Time Customer","Standard Customer"
"C53645",1,1450.59,1450.59,"One Time Customer","Standard Customer"
"C69471",1,1448.24,1448.24,"One Time Customer","Standard Customer"
"C18826",1,1443.30,1443.30,"One Time Customer","Standard Customer"
"C54298",1,1437.63,1437.63,"One Time Customer","Standard Customer"
"C43338",1,1435.95,1435.95,"One Time Customer","Standard Customer"
"C99217",1,1435.65,1435.65,"One Time Customer","Standard Customer"
"C56928",1,1435.00,1435.00,"One Time Customer","Standard Customer"
"C12487",1,1427.07,1427.07,"One Time Customer","Standard Customer"
"C15228",1,1422.42,1422.42,"One Time Customer","Standard Customer"
"C80868",1,1420.47,1420.47,"One Time Customer","Standard Customer"
"C67387",1,1418.65,1418.65,"One Time Customer","Standard Customer"
"C71486",1,1407.96,1407.96,"One Time Customer","Standard Customer"
"C29432",1,1406.22,1406.22,"One Time Customer","Standard Customer"
"C58503",1,1402.60,1402.60,"One Time Customer","Standard Customer"
"C35117",1,1395.86,1395.86,"One Time Customer","Standard Customer"
"C73514",1,1395.15,1395.15,"One Time Customer","Standard Customer"
"C94257",1,1394.38,1394.38,"One Time Customer","Standard Customer"
"C43249",1,1391.43,1391.43,"One Time Customer","Standard Customer"
"C27305",1,1390.58,1390.58,"One Time Customer","Standard Customer"
"C16702",1,1390.17,1390.17,"One Time Customer","Standard Customer"
"C79722",1,1382.20,1382.20,"One Time Customer","Standard Customer"
"C77800",1,1378.02,1378.02,"One Time Customer","Standard Customer"
"C99023",1,1371.80,1371.80,"One Time Customer","Standard Customer"
"C86374",1,1363.85,1363.85,"One Time Customer","Standard Customer"
"C84115",1,1362.87,1362.87,"One Time Customer","Standard Customer"
"C46920",1,1362.12,1362.12,"One Time Customer","Standard Customer"
"C51694",1,1361.70,1361.70,"One Time Customer","Standard Customer"
"C37594",1,1361.20,1361.20,"One Time Customer","Standard Customer"
"C46651",2,1360.89,680.45,"Repeat Customer","Standard Customer"
"C23899",1,1358.45,1358.45,"One Time Customer","Standard Customer"
"C19071",1,1352.94,1352.94,"One Time Customer","Standard Customer"
"C21181",1,1350.20,1350.20,"One Time Customer","Standard Customer"
"C10126",1,1349.80,1349.80,"One Time Customer","Standard Customer"
"C37531",1,1349.30,1349.30,"One Time Customer","Standard Customer"
"C41137",1,1347.39,1347.39,"One Time Customer","Standard Customer"
"C75888",1,1346.70,1346.70,"One Time Customer","Standard Customer"
"C20257",1,1343.90,1343.90,"One Time Customer","Standard Customer"
"C81319",1,1342.15,1342.15,"One Time Customer","Standard Customer"
"C51811",1,1335.36,1335.36,"One Time Customer","Standard Customer"
"C26210",1,1334.25,1334.25,"One Time Customer","Standard Customer"
"C30722",1,1333.90,1333.90,"One Time Customer","Standard Customer"
"C68609",1,1330.32,1330.32,"One Time Customer","Standard Customer"
"C35355",1,1327.60,1327.60,"One Time Customer","Standard Customer"
"C20095",1,1325.06,1325.06,"One Time Customer","Standard Customer"
"C51921",1,1318.59,1318.59,"One Time Customer","Standard Customer"
"C98332",1,1316.67,1316.67,"One Time Customer","Standard Customer"
"C45671",1,1314.96,1314.96,"One Time Customer","Standard Customer"
"C26364",1,1314.24,1314.24,"One Time Customer","Standard Customer"
"C35711",1,1308.48,1308.48,"One Time Customer","Standard Customer"
"C11127",1,1306.65,1306.65,"One Time Customer","Standard Customer"
"C90132",1,1304.65,1304.65,"One Time Customer","Standard Customer"
"C37454",1,1303.35,1303.35,"One Time Customer","Standard Customer"
"C43842",1,1303.14,1303.14,"One Time Customer","Standard Customer"
"C10154",1,1303.04,1303.04,"One Time Customer","Standard Customer"
"C38068",1,1302.65,1302.65,"One Time Customer","Standard Customer"
"C61225",1,1300.50,1300.50,"One Time Customer","Standard Customer"
"C18353",1,1299.99,1299.99,"One Time Customer","Standard Customer"
"C72007",1,1298.55,1298.55,"One Time Customer","Standard Customer"
"C28049",1,1293.38,1293.38,"One Time Customer","Standard Customer"
"C54675",1,1291.70,1291.70,"One Time Customer","Standard Customer"
"C43538",1,1290.18,1290.18,"One Time Customer","Standard Customer"
"C20881",1,1288.10,1288.10,"One Time Customer","Standard Customer"
"C46210",1,1286.64,1286.64,"One Time Customer","Standard Customer"
"C61549",1,1286.04,1286.04,"One Time Customer","Standard Customer"
"C45899",1,1285.96,1285.96,"One Time Customer","Standard Customer"
"C24301",1,1284.08,1284.08,"One Time Customer","Standard Customer"
"C95856",1,1279.76,1279.76,"One Time Customer","Standard Customer"
"C17103",1,1278.36,1278.36,"One Time Customer","Standard Customer"
"C63657",1,1274.67,1274.67,"One Time Customer","Standard Customer"
"C33260",1,1270.59,1270.59,"One Time Customer","Standard Customer"
"C55819",1,1268.75,1268.75,"One Time Customer","Standard Customer"
"C78724",1,1266.39,1266.39,"One Time Customer","Standard Customer"
"C70452",1,1265.28,1265.28,"One Time Customer","Standard Customer"
"C90318",1,1259.12,1259.12,"One Time Customer","Standard Customer"
"C17075",1,1259.04,1259.04,"One Time Customer","Standard Customer"
"C25783",1,1253.40,1253.40,"One Time Customer","Standard Customer"
"C73941",1,1250.44,1250.44,"One Time Customer","Standard Customer"
"C35852",2,1248.39,624.20,"Repeat Customer","Standard Customer"
"C14017",1,1248.32,1248.32,"One Time Customer","Standard Customer"
"C51481",1,1244.20,1244.20,"One Time Customer","Standard Customer"
"C98278",1,1241.49,1241.49,"One Time Customer","Standard Customer"
"C13540",1,1239.64,1239.64,"One Time Customer","Standard Customer"
"C11906",1,1237.59,1237.59,"One Time Customer","Standard Customer"
"C60699",1,1235.85,1235.85,"One Time Customer","Standard Customer"
"C62557",1,1232.64,1232.64,"One Time Customer","Standard Customer"
"C92294",1,1225.40,1225.40,"One Time Customer","Standard Customer"
"C29483",1,1222.88,1222.88,"One Time Customer","Standard Customer"
"C74003",1,1221.28,1221.28,"One Time Customer","Standard Customer"
"C94381",1,1216.08,1216.08,"One Time Customer","Standard Customer"
"C55388",1,1213.86,1213.86,"One Time Customer","Standard Customer"
"C17921",1,1210.60,1210.60,"One Time Customer","Standard Customer"
"C32650",1,1210.52,1210.52,"One Time Customer","Standard Customer"
"C87432",1,1208.20,1208.20,"One Time Customer","Standard Customer"
"C19402",1,1204.68,1204.68,"One Time Customer","Standard Customer"
"C41331",1,1203.05,1203.05,"One Time Customer","Standard Customer"
"C47307",1,1202.86,1202.86,"One Time Customer","Standard Customer"
"C91123",1,1202.24,1202.24,"One Time Customer","Standard Customer"
"C99050",1,1201.14,1201.14,"One Time Customer","Standard Customer"
"C35168",1,1199.72,1199.72,"One Time Customer","Standard Customer"
"C13324",1,1199.48,1199.48,"One Time Customer","Standard Customer"
"C80651",1,1194.51,1194.51,"One Time Customer","Standard Customer"
"C42235",1,1193.44,1193.44,"One Time Customer","Standard Customer"
"C91941",1,1188.00,1188.00,"One Time Customer","Standard Customer"
"C67528",1,1185.12,1185.12,"One Time Customer","Standard Customer"
"C27078",1,1181.90,1181.90,"One Time Customer","Standard Customer"
"C38065",1,1178.55,1178.55,"One Time Customer","Standard Customer"
"C13100",1,1177.64,1177.64,"One Time Customer","Standard Customer"
"C19759",1,1176.60,1176.60,"One Time Customer","Standard Customer"
"C46509",1,1174.98,1174.98,"One Time Customer","Standard Customer"
"C65251",1,1168.35,1168.35,"One Time Customer","Standard Customer"
"C47761",1,1165.40,1165.40,"One Time Customer","Standard Customer"
"C48646",1,1159.10,1159.10,"One Time Customer","Standard Customer"
"C70010",1,1153.85,1153.85,"One Time Customer","Standard Customer"
"C89674",1,1151.66,1151.66,"One Time Customer","Standard Customer"
"C62661",1,1147.11,1147.11,"One Time Customer","Standard Customer"
"C85330",1,1140.45,1140.45,"One Time Customer","Standard Customer"
"C87687",1,1137.21,1137.21,"One Time Customer","Standard Customer"
"C97148",1,1135.16,1135.16,"One Time Customer","Standard Customer"
"C88371",1,1132.64,1132.64,"One Time Customer","Standard Customer"
"C92548",1,1132.25,1132.25,"One Time Customer","Standard Customer"
"C50422",1,1129.16,1129.16,"One Time Customer","Standard Customer"
"C81857",1,1127.64,1127.64,"One Time Customer","Standard Customer"
"C53049",1,1126.12,1126.12,"One Time Customer","Standard Customer"
"C14552",1,1120.00,1120.00,"One Time Customer","Standard Customer"
"C56938",1,1117.80,1117.80,"One Time Customer","Standard Customer"
"C80135",1,1107.55,1107.55,"One Time Customer","Standard Customer"
"C49838",1,1105.66,1105.66,"One Time Customer","Standard Customer"
"C90292",1,1105.28,1105.28,"One Time Customer","Standard Customer"
"C40949",1,1105.26,1105.26,"One Time Customer","Standard Customer"
"C90612",1,1103.25,1103.25,"One Time Customer","Standard Customer"
"C55606",1,1102.00,1102.00,"One Time Customer","Standard Customer"
"C66078",1,1101.12,1101.12,"One Time Customer","Standard Customer"
"C73225",1,1100.36,1100.36,"One Time Customer","Standard Customer"
"C10787",1,1099.28,1099.28,"One Time Customer","Standard Customer"
"C63365",1,1098.90,1098.90,"One Time Customer","Standard Customer"
"C14847",2,1097.81,548.91,"Repeat Customer","Standard Customer"
"C56622",1,1095.34,1095.34,"One Time Customer","Standard Customer"
"C42372",1,1093.00,1093.00,"One Time Customer","Standard Customer"
"C78305",1,1092.42,1092.42,"One Time Customer","Standard Customer"
"C77961",1,1087.59,1087.59,"One Time Customer","Standard Customer"
"C80416",1,1087.15,1087.15,"One Time Customer","Standard Customer"
"C53545",1,1084.17,1084.17,"One Time Customer","Standard Customer"
"C40798",1,1081.98,1081.98,"One Time Customer","Standard Customer"
"C24369",1,1079.19,1079.19,"One Time Customer","Standard Customer"
"C93821",1,1075.44,1075.44,"One Time Customer","Standard Customer"
"C67936",1,1072.50,1072.50,"One Time Customer","Standard Customer"
"C99173",1,1070.52,1070.52,"One Time Customer","Standard Customer"
"C36150",1,1069.82,1069.82,"One Time Customer","Standard Customer"
"C14683",1,1069.34,1069.34,"One Time Customer","Standard Customer"
"C59337",1,1068.86,1068.86,"One Time Customer","Standard Customer"
"C29905",1,1067.90,1067.90,"One Time Customer","Standard Customer"
"C28976",1,1067.62,1067.62,"One Time Customer","Standard Customer"
"C96787",1,1066.04,1066.04,"One Time Customer","Standard Customer"
"C69149",1,1062.98,1062.98,"One Time Customer","Standard Customer"
"C83556",1,1059.16,1059.16,"One Time Customer","Standard Customer"
"C52751",1,1055.72,1055.72,"One Time Customer","Standard Customer"
"C60037",1,1054.92,1054.92,"One Time Customer","Standard Customer"
"C25149",1,1054.48,1054.48,"One Time Customer","Standard Customer"
"C26718",1,1052.36,1052.36,"One Time Customer","Standard Customer"
"C77085",1,1050.32,1050.32,"One Time Customer","Standard Customer"
"C64753",1,1050.08,1050.08,"One Time Customer","Standard Customer"
"C38642",1,1046.00,1046.00,"One Time Customer","Standard Customer"
"C48510",1,1042.80,1042.80,"One Time Customer","Standard Customer"
"C27203",1,1040.85,1040.85,"One Time Customer","Standard Customer"
"C40136",1,1039.56,1039.56,"One Time Customer","Standard Customer"
"C37375",1,1036.46,1036.46,"One Time Customer","Standard Customer"
"C95984",1,1033.20,1033.20,"One Time Customer","Standard Customer"
"C77872",1,1027.18,1027.18,"One Time Customer","Standard Customer"
"C46967",1,1026.84,1026.84,"One Time Customer","Standard Customer"
"C97749",1,1026.06,1026.06,"One Time Customer","Standard Customer"
"C91099",1,1025.30,1025.30,"One Time Customer","Standard Customer"
"C99205",1,1024.66,1024.66,"One Time Customer","Standard Customer"
"C60178",1,1023.45,1023.45,"One Time Customer","Standard Customer"
"C91103",1,1023.44,1023.44,"One Time Customer","Standard Customer"
"C54409",1,1018.17,1018.17,"One Time Customer","Standard Customer"
"C54160",1,1010.13,1010.13,"One Time Customer","Standard Customer"
"C64549",1,1006.10,1006.10,"One Time Customer","Standard Customer"
"C84041",1,1001.60,1001.60,"One Time Customer","Standard Customer"
"C60355",1,1000.58,1000.58,"One Time Customer","Standard Customer"
"C69476",1,996.28,996.28,"One Time Customer","Budget Customer"
"C39017",1,994.38,994.38,"One Time Customer","Budget Customer"
"C32798",1,993.24,993.24,"One Time Customer","Budget Customer"
"C96822",1,989.56,989.56,"One Time Customer","Budget Customer"
"C68078",1,987.76,987.76,"One Time Customer","Budget Customer"
"C87529",1,987.64,987.64,"One Time Customer","Budget Customer"
"C85059",1,987.40,987.40,"One Time Customer","Budget Customer"
"C58063",1,987.26,987.26,"One Time Customer","Budget Customer"
"C61943",1,985.80,985.80,"One Time Customer","Budget Customer"
"C49995",1,984.44,984.44,"One Time Customer","Budget Customer"
"C25534",1,984.20,984.20,"One Time Customer","Budget Customer"
"C61773",1,981.12,981.12,"One Time Customer","Budget Customer"
"C92180",1,977.80,977.80,"One Time Customer","Budget Customer"
"C51494",1,977.74,977.74,"One Time Customer","Budget Customer"
"C95568",1,973.41,973.41,"One Time Customer","Budget Customer"
"C93768",1,972.90,972.90,"One Time Customer","Budget Customer"
"C26152",1,972.70,972.70,"One Time Customer","Budget Customer"
"C96261",1,970.74,970.74,"One Time Customer","Budget Customer"
"C56851",1,958.15,958.15,"One Time Customer","Budget Customer"
"C47823",1,956.72,956.72,"One Time Customer","Budget Customer"
"C61070",1,951.56,951.56,"One Time Customer","Budget Customer"
"C34337",1,950.55,950.55,"One Time Customer","Budget Customer"
"C65905",1,950.40,950.40,"One Time Customer","Budget Customer"
"C16693",1,949.72,949.72,"One Time Customer","Budget Customer"
"C39664",1,946.25,946.25,"One Time Customer","Budget Customer"
"C74519",1,945.81,945.81,"One Time Customer","Budget Customer"
"C79842",1,945.64,945.64,"One Time Customer","Budget Customer"
"C35854",1,939.85,939.85,"One Time Customer","Budget Customer"
"C24047",1,937.80,937.80,"One Time Customer","Budget Customer"
"C20670",1,935.82,935.82,"One Time Customer","Budget Customer"
"C85074",1,934.80,934.80,"One Time Customer","Budget Customer"
"C30168",1,933.99,933.99,"One Time Customer","Budget Customer"
"C39246",1,931.40,931.40,"One Time Customer","Budget Customer"
"C46316",1,930.36,930.36,"One Time Customer","Budget Customer"
"C50304",1,930.30,930.30,"One Time Customer","Budget Customer"
"C18169",1,929.84,929.84,"One Time Customer","Budget Customer"
"C11676",1,929.00,929.00,"One Time Customer","Budget Customer"
"C95271",1,927.66,927.66,"One Time Customer","Budget Customer"
"C36174",1,926.94,926.94,"One Time Customer","Budget Customer"
"C83653",1,925.04,925.04,"One Time Customer","Budget Customer"
"C96283",1,924.03,924.03,"One Time Customer","Budget Customer"
"C10642",1,922.74,922.74,"One Time Customer","Budget Customer"
"C55757",1,922.26,922.26,"One Time Customer","Budget Customer"
"C30643",1,918.87,918.87,"One Time Customer","Budget Customer"
"C31072",1,916.40,916.40,"One Time Customer","Budget Customer"
"C97485",1,915.64,915.64,"One Time Customer","Budget Customer"
"C57861",1,915.48,915.48,"One Time Customer","Budget Customer"
"C15629",1,912.45,912.45,"One Time Customer","Budget Customer"
"C59554",1,912.08,912.08,"One Time Customer","Budget Customer"
"C25841",1,904.65,904.65,"One Time Customer","Budget Customer"
"C48846",1,904.10,904.10,"One Time Customer","Budget Customer"
"C90348",1,899.00,899.00,"One Time Customer","Budget Customer"
"C51898",1,898.44,898.44,"One Time Customer","Budget Customer"
"C59579",1,897.70,897.70,"One Time Customer","Budget Customer"
"C47284",1,893.01,893.01,"One Time Customer","Budget Customer"
"C13186",1,889.68,889.68,"One Time Customer","Budget Customer"
"C18167",1,887.84,887.84,"One Time Customer","Budget Customer"
"C94658",1,886.44,886.44,"One Time Customer","Budget Customer"
"C14568",1,885.32,885.32,"One Time Customer","Budget Customer"
"C33051",1,883.08,883.08,"One Time Customer","Budget Customer"
"C36825",1,877.52,877.52,"One Time Customer","Budget Customer"
"C29844",1,877.24,877.24,"One Time Customer","Budget Customer"
"C62656",1,873.72,873.72,"One Time Customer","Budget Customer"
"C79674",1,873.68,873.68,"One Time Customer","Budget Customer"
"C36014",1,869.94,869.94,"One Time Customer","Budget Customer"
"C26637",1,869.80,869.80,"One Time Customer","Budget Customer"
"C67687",1,868.60,868.60,"One Time Customer","Budget Customer"
"C40882",1,868.52,868.52,"One Time Customer","Budget Customer"
"C68976",1,868.25,868.25,"One Time Customer","Budget Customer"
"C65180",1,858.16,858.16,"One Time Customer","Budget Customer"
"C16675",1,857.40,857.40,"One Time Customer","Budget Customer"
"C26137",1,856.18,856.18,"One Time Customer","Budget Customer"
"C44267",1,853.40,853.40,"One Time Customer","Budget Customer"
"C32687",1,852.44,852.44,"One Time Customer","Budget Customer"
"C91255",1,851.10,851.10,"One Time Customer","Budget Customer"
"C68937",1,850.06,850.06,"One Time Customer","Budget Customer"
"C58443",1,848.64,848.64,"One Time Customer","Budget Customer"
"C37032",1,847.76,847.76,"One Time Customer","Budget Customer"
"C90431",1,844.68,844.68,"One Time Customer","Budget Customer"
"C18473",1,840.58,840.58,"One Time Customer","Budget Customer"
"C52914",1,839.96,839.96,"One Time Customer","Budget Customer"
"C52313",1,836.52,836.52,"One Time Customer","Budget Customer"
"C86064",1,834.12,834.12,"One Time Customer","Budget Customer"
"C48207",1,833.62,833.62,"One Time Customer","Budget Customer"
"C53697",1,827.36,827.36,"One Time Customer","Budget Customer"
"C76140",1,826.40,826.40,"One Time Customer","Budget Customer"
"C32943",1,824.28,824.28,"One Time Customer","Budget Customer"
"C85018",1,824.25,824.25,"One Time Customer","Budget Customer"
"C84645",1,822.98,822.98,"One Time Customer","Budget Customer"
"C99879",1,821.88,821.88,"One Time Customer","Budget Customer"
"C59724",1,819.50,819.50,"One Time Customer","Budget Customer"
"C87777",1,816.64,816.64,"One Time Customer","Budget Customer"
"C12245",1,815.58,815.58,"One Time Customer","Budget Customer"
"C88546",1,813.84,813.84,"One Time Customer","Budget Customer"
"C85322",1,813.06,813.06,"One Time Customer","Budget Customer"
"C65021",1,809.92,809.92,"One Time Customer","Budget Customer"
"C61384",1,802.35,802.35,"One Time Customer","Budget Customer"
"C29758",1,798.64,798.64,"One Time Customer","Budget Customer"
"C77736",1,798.08,798.08,"One Time Customer","Budget Customer"
"C66196",1,796.90,796.90,"One Time Customer","Budget Customer"
"C32121",1,795.24,795.24,"One Time Customer","Budget Customer"
"C55205",1,793.40,793.40,"One Time Customer","Budget Customer"
"C10866",1,789.57,789.57,"One Time Customer","Budget Customer"
"C86773",1,789.44,789.44,"One Time Customer","Budget Customer"
"C29314",1,788.60,788.60,"One Time Customer","Budget Customer"
"C59685",1,788.32,788.32,"One Time Customer","Budget Customer"
"C44366",1,776.44,776.44,"One Time Customer","Budget Customer"
"C56506",1,773.52,773.52,"One Time Customer","Budget Customer"
"C72596",1,770.32,770.32,"One Time Customer","Budget Customer"
"C96664",1,769.38,769.38,"One Time Customer","Budget Customer"
"C88304",1,768.28,768.28,"One Time Customer","Budget Customer"
"C90310",1,762.56,762.56,"One Time Customer","Budget Customer"
"C36938",1,761.94,761.94,"One Time Customer","Budget Customer"
"C91518",1,759.15,759.15,"One Time Customer","Budget Customer"
"C10892",1,754.94,754.94,"One Time Customer","Budget Customer"
"C58168",1,754.44,754.44,"One Time Customer","Budget Customer"
"C92086",1,749.20,749.20,"One Time Customer","Budget Customer"
"C41460",1,747.75,747.75,"One Time Customer","Budget Customer"
"C79506",1,746.34,746.34,"One Time Customer","Budget Customer"
"C46504",1,745.84,745.84,"One Time Customer","Budget Customer"
"C36997",1,745.64,745.64,"One Time Customer","Budget Customer"
"C74499",1,744.46,744.46,"One Time Customer","Budget Customer"
"C75619",1,742.58,742.58,"One Time Customer","Budget Customer"
"C68553",1,742.41,742.41,"One Time Customer","Budget Customer"
"C77046",1,741.64,741.64,"One Time Customer","Budget Customer"
"C77166",1,741.33,741.33,"One Time Customer","Budget Customer"
"C41284",1,737.92,737.92,"One Time Customer","Budget Customer"
"C86524",1,732.46,732.46,"One Time Customer","Budget Customer"
"C93220",1,730.34,730.34,"One Time Customer","Budget Customer"
"C36540",1,728.32,728.32,"One Time Customer","Budget Customer"
"C97715",1,727.82,727.82,"One Time Customer","Budget Customer"
"C63727",1,724.28,724.28,"One Time Customer","Budget Customer"
"C61162",1,721.00,721.00,"One Time Customer","Budget Customer"
"C24765",1,719.72,719.72,"One Time Customer","Budget Customer"
"C36137",1,717.24,717.24,"One Time Customer","Budget Customer"
"C41709",1,712.70,712.70,"One Time Customer","Budget Customer"
"C76362",1,709.50,709.50,"One Time Customer","Budget Customer"
"C91155",2,704.82,352.41,"Repeat Customer","Budget Customer"
"C32029",1,701.44,701.44,"One Time Customer","Budget Customer"
"C97454",1,698.80,698.80,"One Time Customer","Budget Customer"
"C40771",1,697.96,697.96,"One Time Customer","Budget Customer"
"C21043",1,694.50,694.50,"One Time Customer","Budget Customer"
"C31772",1,693.41,693.41,"One Time Customer","Budget Customer"
"C61521",1,690.02,690.02,"One Time Customer","Budget Customer"
"C25162",1,688.36,688.36,"One Time Customer","Budget Customer"
"C84766",1,688.04,688.04,"One Time Customer","Budget Customer"
"C72293",1,688.02,688.02,"One Time Customer","Budget Customer"
"C29072",1,687.98,687.98,"One Time Customer","Budget Customer"
"C45104",1,687.89,687.89,"One Time Customer","Budget Customer"
"C99024",1,684.65,684.65,"One Time Customer","Budget Customer"
"C55354",1,684.22,684.22,"One Time Customer","Budget Customer"
"C16429",1,679.65,679.65,"One Time Customer","Budget Customer"
"C56796",1,678.38,678.38,"One Time Customer","Budget Customer"
"C99533",1,678.01,678.01,"One Time Customer","Budget Customer"
"C55454",1,677.48,677.48,"One Time Customer","Budget Customer"
"C15017",1,675.57,675.57,"One Time Customer","Budget Customer"
"C91245",1,675.33,675.33,"One Time Customer","Budget Customer"
"C58858",1,674.64,674.64,"One Time Customer","Budget Customer"
"C22123",1,672.89,672.89,"One Time Customer","Budget Customer"
"C70426",1,672.64,672.64,"One Time Customer","Budget Customer"
"C36992",1,671.37,671.37,"One Time Customer","Budget Customer"
"C35483",1,671.10,671.10,"One Time Customer","Budget Customer"
"C97187",1,670.54,670.54,"One Time Customer","Budget Customer"
"C54499",1,668.48,668.48,"One Time Customer","Budget Customer"
"C82550",1,667.66,667.66,"One Time Customer","Budget Customer"
"C50159",1,667.02,667.02,"One Time Customer","Budget Customer"
"C25918",1,666.95,666.95,"One Time Customer","Budget Customer"
"C25268",1,665.11,665.11,"One Time Customer","Budget Customer"
"C42451",1,665.05,665.05,"One Time Customer","Budget Customer"
"C83492",1,664.42,664.42,"One Time Customer","Budget Customer"
"C89559",1,662.84,662.84,"One Time Customer","Budget Customer"
"C73873",1,661.38,661.38,"One Time Customer","Budget Customer"
"C42949",1,660.66,660.66,"One Time Customer","Budget Customer"
"C25445",1,658.50,658.50,"One Time Customer","Budget Customer"
"C52915",1,657.08,657.08,"One Time Customer","Budget Customer"
"C26223",1,657.07,657.07,"One Time Customer","Budget Customer"
"C31764",1,655.09,655.09,"One Time Customer","Budget Customer"
"C30923",1,654.27,654.27,"One Time Customer","Budget Customer"
"C83223",1,650.84,650.84,"One Time Customer","Budget Customer"
"C21191",2,647.77,323.89,"Repeat Customer","Budget Customer"
"C24347",1,646.90,646.90,"One Time Customer","Budget Customer"
"C99904",1,646.74,646.74,"One Time Customer","Budget Customer"
"C19368",1,646.44,646.44,"One Time Customer","Budget Customer"
"C58410",1,645.46,645.46,"One Time Customer","Budget Customer"
"C12740",1,644.75,644.75,"One Time Customer","Budget Customer"
"C17136",1,641.96,641.96,"One Time Customer","Budget Customer"
"C99589",1,641.39,641.39,"One Time Customer","Budget Customer"
"C42108",1,641.36,641.36,"One Time Customer","Budget Customer"
"C56266",1,640.88,640.88,"One Time Customer","Budget Customer"
"C59823",1,640.28,640.28,"One Time Customer","Budget Customer"
"C58341",1,639.83,639.83,"One Time Customer","Budget Customer"
"C35100",1,639.82,639.82,"One Time Customer","Budget Customer"
"C10211",1,635.90,635.90,"One Time Customer","Budget Customer"
"C18104",1,635.90,635.90,"One Time Customer","Budget Customer"
"C98096",1,635.54,635.54,"One Time Customer","Budget Customer"
"C35136",1,634.94,634.94,"One Time Customer","Budget Customer"
"C71122",1,634.40,634.40,"One Time Customer","Budget Customer"
"C78959",1,632.40,632.40,"One Time Customer","Budget Customer"
"C16012",1,630.82,630.82,"One Time Customer","Budget Customer"
"C25123",1,629.21,629.21,"One Time Customer","Budget Customer"
"C32011",1,628.89,628.89,"One Time Customer","Budget Customer"
"C16400",1,628.44,628.44,"One Time Customer","Budget Customer"
"C44674",1,627.34,627.34,"One Time Customer","Budget Customer"
"C95100",1,627.20,627.20,"One Time Customer","Budget Customer"
"C72664",1,627.15,627.15,"One Time Customer","Budget Customer"
"C70352",1,626.60,626.60,"One Time Customer","Budget Customer"
"C55590",1,625.51,625.51,"One Time Customer","Budget Customer"
"C26163",1,625.10,625.10,"One Time Customer","Budget Customer"
"C87524",1,625.00,625.00,"One Time Customer","Budget Customer"
"C76700",1,623.82,623.82,"One Time Customer","Budget Customer"
"C28893",1,620.21,620.21,"One Time Customer","Budget Customer"
"C26188",1,618.68,618.68,"One Time Customer","Budget Customer"
"C58721",1,617.58,617.58,"One Time Customer","Budget Customer"
"C18724",1,616.10,616.10,"One Time Customer","Budget Customer"
"C40427",1,613.98,613.98,"One Time Customer","Budget Customer"
"C42306",1,612.81,612.81,"One Time Customer","Budget Customer"
"C74928",1,612.48,612.48,"One Time Customer","Budget Customer"
"C29931",1,612.36,612.36,"One Time Customer","Budget Customer"
"C47086",1,609.16,609.16,"One Time Customer","Budget Customer"
"C18187",1,605.28,605.28,"One Time Customer","Budget Customer"
"C33802",1,604.87,604.87,"One Time Customer","Budget Customer"
"C22429",1,604.80,604.80,"One Time Customer","Budget Customer"
"C88348",1,604.47,604.47,"One Time Customer","Budget Customer"
"C40648",1,603.76,603.76,"One Time Customer","Budget Customer"
"C93618",1,603.63,603.63,"One Time Customer","Budget Customer"
"C55464",1,601.36,601.36,"One Time Customer","Budget Customer"
"C16612",1,600.54,600.54,"One Time Customer","Budget Customer"
"C49137",1,598.46,598.46,"One Time Customer","Budget Customer"
"C39791",1,597.06,597.06,"One Time Customer","Budget Customer"
"C19722",1,596.24,596.24,"One Time Customer","Budget Customer"
"C53631",1,595.89,595.89,"One Time Customer","Budget Customer"
"C71471",1,595.54,595.54,"One Time Customer","Budget Customer"
"C65414",1,595.42,595.42,"One Time Customer","Budget Customer"
"C49517",1,594.96,594.96,"One Time Customer","Budget Customer"
"C82858",1,593.91,593.91,"One Time Customer","Budget Customer"
"C21227",1,590.87,590.87,"One Time Customer","Budget Customer"
"C50732",1,590.04,590.04,"One Time Customer","Budget Customer"
"C94698",1,586.62,586.62,"One Time Customer","Budget Customer"
"C30513",1,586.44,586.44,"One Time Customer","Budget Customer"
"C31105",1,583.99,583.99,"One Time Customer","Budget Customer"
"C61440",1,583.90,583.90,"One Time Customer","Budget Customer"
"C60203",1,583.70,583.70,"One Time Customer","Budget Customer"
"C50121",1,583.18,583.18,"One Time Customer","Budget Customer"
"C65744",1,582.04,582.04,"One Time Customer","Budget Customer"
"C14737",1,581.64,581.64,"One Time Customer","Budget Customer"
"C54390",1,580.74,580.74,"One Time Customer","Budget Customer"
"C43330",1,580.47,580.47,"One Time Customer","Budget Customer"
"C15257",1,580.20,580.20,"One Time Customer","Budget Customer"
"C50683",1,576.42,576.42,"One Time Customer","Budget Customer"
"C23978",1,576.35,576.35,"One Time Customer","Budget Customer"
"C20752",1,572.13,572.13,"One Time Customer","Budget Customer"
"C20286",1,571.90,571.90,"One Time Customer","Budget Customer"
"C53252",1,570.32,570.32,"One Time Customer","Budget Customer"
"C79142",1,569.96,569.96,"One Time Customer","Budget Customer"
"C31668",1,569.35,569.35,"One Time Customer","Budget Customer"
"C29885",1,568.32,568.32,"One Time Customer","Budget Customer"
"C66349",1,565.85,565.85,"One Time Customer","Budget Customer"
"C96695",1,564.86,564.86,"One Time Customer","Budget Customer"
"C62622",1,562.61,562.61,"One Time Customer","Budget Customer"
"C39550",1,558.27,558.27,"One Time Customer","Budget Customer"
"C91454",1,557.76,557.76,"One Time Customer","Budget Customer"
"C72290",1,556.20,556.20,"One Time Customer","Budget Customer"
"C23637",1,553.56,553.56,"One Time Customer","Budget Customer"
"C57093",1,553.41,553.41,"One Time Customer","Budget Customer"
"C55778",1,551.90,551.90,"One Time Customer","Budget Customer"
"C43335",1,548.24,548.24,"One Time Customer","Budget Customer"
"C77499",1,547.44,547.44,"One Time Customer","Budget Customer"
"C12609",1,547.32,547.32,"One Time Customer","Budget Customer"
"C38024",1,546.86,546.86,"One Time Customer","Budget Customer"
"C39106",1,546.19,546.19,"One Time Customer","Budget Customer"
"C59572",1,542.07,542.07,"One Time Customer","Budget Customer"
"C40466",1,541.64,541.64,"One Time Customer","Budget Customer"
"C58808",1,539.66,539.66,"One Time Customer","Budget Customer"
"C98635",1,538.68,538.68,"One Time Customer","Budget Customer"
"C49009",1,537.40,537.40,"One Time Customer","Budget Customer"
"C13169",1,536.07,536.07,"One Time Customer","Budget Customer"
"C49187",1,535.50,535.50,"One Time Customer","Budget Customer"
"C14427",1,533.90,533.90,"One Time Customer","Budget Customer"
"C38845",1,532.89,532.89,"One Time Customer","Budget Customer"
"C12301",1,531.74,531.74,"One Time Customer","Budget Customer"
"C79821",1,531.18,531.18,"One Time Customer","Budget Customer"
"C73961",1,530.24,530.24,"One Time Customer","Budget Customer"
"C22534",1,529.19,529.19,"One Time Customer","Budget Customer"
"C82318",1,528.06,528.06,"One Time Customer","Budget Customer"
"C64638",1,527.57,527.57,"One Time Customer","Budget Customer"
"C15849",1,525.43,525.43,"One Time Customer","Budget Customer"
"C43867",1,524.06,524.06,"One Time Customer","Budget Customer"
"C17389",1,522.08,522.08,"One Time Customer","Budget Customer"
"C54277",1,519.16,519.16,"One Time Customer","Budget Customer"
"C66906",1,518.64,518.64,"One Time Customer","Budget Customer"
"C17551",1,518.39,518.39,"One Time Customer","Budget Customer"
"C66254",1,515.32,515.32,"One Time Customer","Budget Customer"
"C67932",1,514.98,514.98,"One Time Customer","Budget Customer"
"C63378",1,512.39,512.39,"One Time Customer","Budget Customer"
"C71076",1,511.98,511.98,"One Time Customer","Budget Customer"
"C81547",1,510.52,510.52,"One Time Customer","Budget Customer"
"C94037",1,510.28,510.28,"One Time Customer","Budget Customer"
"C63822",1,507.56,507.56,"One Time Customer","Budget Customer"
"C56564",1,507.48,507.48,"One Time Customer","Budget Customer"
"C31371",1,507.36,507.36,"One Time Customer","Budget Customer"
"C61257",1,507.34,507.34,"One Time Customer","Budget Customer"
"C52604",1,506.50,506.50,"One Time Customer","Budget Customer"
"C50682",1,501.96,501.96,"One Time Customer","Budget Customer"
"C47022",1,500.97,500.97,"One Time Customer","Budget Customer"
"C37249",1,491.72,491.72,"One Time Customer","Budget Customer"
"C14240",1,491.11,491.11,"One Time Customer","Budget Customer"
"C51024",1,489.80,489.80,"One Time Customer","Budget Customer"
"C40863",1,489.39,489.39,"One Time Customer","Budget Customer"
"C61618",1,488.80,488.80,"One Time Customer","Budget Customer"
"C43546",1,485.91,485.91,"One Time Customer","Budget Customer"
"C61957",1,483.38,483.38,"One Time Customer","Budget Customer"
"C42270",1,482.98,482.98,"One Time Customer","Budget Customer"
"C17591",1,479.76,479.76,"One Time Customer","Budget Customer"
"C20624",1,479.56,479.56,"One Time Customer","Budget Customer"
"C40304",1,479.36,479.36,"One Time Customer","Budget Customer"
"C29063",1,478.75,478.75,"One Time Customer","Budget Customer"
"C11849",1,476.50,476.50,"One Time Customer","Budget Customer"
"C70246",1,476.22,476.22,"One Time Customer","Budget Customer"
"C82685",1,475.98,475.98,"One Time Customer","Budget Customer"
"C44619",1,475.11,475.11,"One Time Customer","Budget Customer"
"C77357",1,474.60,474.60,"One Time Customer","Budget Customer"
"C27430",1,474.25,474.25,"One Time Customer","Budget Customer"
"C39416",1,473.96,473.96,"One Time Customer","Budget Customer"
"C84563",1,472.66,472.66,"One Time Customer","Budget Customer"
"C22981",1,472.20,472.20,"One Time Customer","Budget Customer"
"C76761",1,470.04,470.04,"One Time Customer","Budget Customer"
"C10477",1,466.42,466.42,"One Time Customer","Budget Customer"
"C93007",1,465.66,465.66,"One Time Customer","Budget Customer"
"C39648",1,465.33,465.33,"One Time Customer","Budget Customer"
"C81882",1,463.92,463.92,"One Time Customer","Budget Customer"
"C27072",1,463.11,463.11,"One Time Customer","Budget Customer"
"C95667",1,463.08,463.08,"One Time Customer","Budget Customer"
"C17470",1,461.90,461.90,"One Time Customer","Budget Customer"
"C62405",1,460.72,460.72,"One Time Customer","Budget Customer"
"C29620",1,460.13,460.13,"One Time Customer","Budget Customer"
"C44277",1,458.63,458.63,"One Time Customer","Budget Customer"
"C59139",1,458.35,458.35,"One Time Customer","Budget Customer"
"C49605",1,457.82,457.82,"One Time Customer","Budget Customer"
"C70921",1,457.08,457.08,"One Time Customer","Budget Customer"
"C11210",1,454.60,454.60,"One Time Customer","Budget Customer"
"C25382",1,454.35,454.35,"One Time Customer","Budget Customer"
"C70506",1,454.23,454.23,"One Time Customer","Budget Customer"
"C11921",1,452.70,452.70,"One Time Customer","Budget Customer"
"C87448",1,450.07,450.07,"One Time Customer","Budget Customer"
"C29405",1,448.74,448.74,"One Time Customer","Budget Customer"
"C11940",1,448.02,448.02,"One Time Customer","Budget Customer"
"C93375",1,446.16,446.16,"One Time Customer","Budget Customer"
"C73813",1,445.20,445.20,"One Time Customer","Budget Customer"
"C67818",1,442.39,442.39,"One Time Customer","Budget Customer"
"C19266",1,442.17,442.17,"One Time Customer","Budget Customer"
"C85466",1,441.87,441.87,"One Time Customer","Budget Customer"
"C14600",1,441.80,441.80,"One Time Customer","Budget Customer"
"C85929",1,440.73,440.73,"One Time Customer","Budget Customer"
"C19439",1,440.34,440.34,"One Time Customer","Budget Customer"
"C14553",1,440.19,440.19,"One Time Customer","Budget Customer"
"C90573",1,438.93,438.93,"One Time Customer","Budget Customer"
"C77122",1,438.37,438.37,"One Time Customer","Budget Customer"
"C19937",1,438.34,438.34,"One Time Customer","Budget Customer"
"C94921",1,438.20,438.20,"One Time Customer","Budget Customer"
"C71035",1,436.77,436.77,"One Time Customer","Budget Customer"
"C70999",1,433.32,433.32,"One Time Customer","Budget Customer"
"C37412",1,432.47,432.47,"One Time Customer","Budget Customer"
"C84329",1,431.44,431.44,"One Time Customer","Budget Customer"
"C41508",1,429.96,429.96,"One Time Customer","Budget Customer"
"C35785",1,427.82,427.82,"One Time Customer","Budget Customer"
"C39260",1,427.66,427.66,"One Time Customer","Budget Customer"
"C13501",1,427.60,427.60,"One Time Customer","Budget Customer"
"C30184",1,427.06,427.06,"One Time Customer","Budget Customer"
"C15063",1,426.10,426.10,"One Time Customer","Budget Customer"
"C62740",1,424.40,424.40,"One Time Customer","Budget Customer"
"C40538",1,423.64,423.64,"One Time Customer","Budget Customer"
"C60672",1,423.40,423.40,"One Time Customer","Budget Customer"
"C69542",1,422.54,422.54,"One Time Customer","Budget Customer"
"C45187",1,420.65,420.65,"One Time Customer","Budget Customer"
"C84908",1,420.26,420.26,"One Time Customer","Budget Customer"
"C38134",1,419.88,419.88,"One Time Customer","Budget Customer"
"C90110",1,418.36,418.36,"One Time Customer","Budget Customer"
"C70554",1,418.35,418.35,"One Time Customer","Budget Customer"
"C39256",1,417.10,417.10,"One Time Customer","Budget Customer"
"C48601",1,414.47,414.47,"One Time Customer","Budget Customer"
"C50565",1,411.34,411.34,"One Time Customer","Budget Customer"
"C63150",1,410.91,410.91,"One Time Customer","Budget Customer"
"C89822",1,410.78,410.78,"One Time Customer","Budget Customer"
"C81366",1,410.60,410.60,"One Time Customer","Budget Customer"
"C53488",1,410.52,410.52,"One Time Customer","Budget Customer"
"C64554",1,410.52,410.52,"One Time Customer","Budget Customer"
"C84834",1,409.02,409.02,"One Time Customer","Budget Customer"
"C97735",1,408.50,408.50,"One Time Customer","Budget Customer"
"C82068",1,408.13,408.13,"One Time Customer","Budget Customer"
"C89732",1,406.22,406.22,"One Time Customer","Budget Customer"
"C38669",1,405.28,405.28,"One Time Customer","Budget Customer"
"C65565",1,402.15,402.15,"One Time Customer","Budget Customer"
"C29697",1,401.82,401.82,"One Time Customer","Budget Customer"
"C42577",1,399.98,399.98,"One Time Customer","Budget Customer"
"C16253",1,399.40,399.40,"One Time Customer","Budget Customer"
"C85863",1,397.44,397.44,"One Time Customer","Budget Customer"
"C28828",1,395.88,395.88,"One Time Customer","Budget Customer"
"C14457",1,395.40,395.40,"One Time Customer","Budget Customer"
"C72043",1,394.53,394.53,"One Time Customer","Budget Customer"
"C88644",1,392.61,392.61,"One Time Customer","Budget Customer"
"C49720",1,391.83,391.83,"One Time Customer","Budget Customer"
"C90595",1,391.45,391.45,"One Time Customer","Budget Customer"
"C95269",1,389.70,389.70,"One Time Customer","Budget Customer"
"C36778",1,388.33,388.33,"One Time Customer","Budget Customer"
"C17132",1,386.03,386.03,"One Time Customer","Budget Customer"
"C30010",1,382.23,382.23,"One Time Customer","Budget Customer"
"C41132",1,381.61,381.61,"One Time Customer","Budget Customer"
"C15283",1,381.02,381.02,"One Time Customer","Budget Customer"
"C87547",1,380.12,380.12,"One Time Customer","Budget Customer"
"C94323",1,379.05,379.05,"One Time Customer","Budget Customer"
"C51404",1,378.12,378.12,"One Time Customer","Budget Customer"
"C72533",1,376.76,376.76,"One Time Customer","Budget Customer"
"C73999",1,375.76,375.76,"One Time Customer","Budget Customer"
"C34555",1,372.80,372.80,"One Time Customer","Budget Customer"
"C20338",1,370.85,370.85,"One Time Customer","Budget Customer"
"C26340",1,369.20,369.20,"One Time Customer","Budget Customer"
"C52342",1,369.15,369.15,"One Time Customer","Budget Customer"
"C70633",1,367.34,367.34,"One Time Customer","Budget Customer"
"C90350",1,367.34,367.34,"One Time Customer","Budget Customer"
"C50087",1,366.33,366.33,"One Time Customer","Budget Customer"
"C18567",1,365.84,365.84,"One Time Customer","Budget Customer"
"C80183",1,365.57,365.57,"One Time Customer","Budget Customer"
"C50967",1,364.80,364.80,"One Time Customer","Budget Customer"
"C40140",1,363.20,363.20,"One Time Customer","Budget Customer"
"C37969",1,362.46,362.46,"One Time Customer","Budget Customer"
"C38785",1,361.00,361.00,"One Time Customer","Budget Customer"
"C17302",1,359.99,359.99,"One Time Customer","Budget Customer"
"C43965",1,359.92,359.92,"One Time Customer","Budget Customer"
"C98450",1,357.64,357.64,"One Time Customer","Budget Customer"
"C76929",1,356.81,356.81,"One Time Customer","Budget Customer"
"C54886",1,355.15,355.15,"One Time Customer","Budget Customer"
"C10791",1,355.09,355.09,"One Time Customer","Budget Customer"
"C54494",1,352.92,352.92,"One Time Customer","Budget Customer"
"C19384",1,351.16,351.16,"One Time Customer","Budget Customer"
"C75439",1,344.43,344.43,"One Time Customer","Budget Customer"
"C77344",1,343.31,343.31,"One Time Customer","Budget Customer"
"C78170",1,341.70,341.70,"One Time Customer","Budget Customer"
"C67583",1,338.31,338.31,"One Time Customer","Budget Customer"
"C11665",1,337.38,337.38,"One Time Customer","Budget Customer"
"C93948",1,336.87,336.87,"One Time Customer","Budget Customer"
"C21147",1,335.10,335.10,"One Time Customer","Budget Customer"
"C60215",1,334.40,334.40,"One Time Customer","Budget Customer"
"C90142",1,334.39,334.39,"One Time Customer","Budget Customer"
"C19742",1,332.09,332.09,"One Time Customer","Budget Customer"
"C35397",1,331.55,331.55,"One Time Customer","Budget Customer"
"C23334",1,331.06,331.06,"One Time Customer","Budget Customer"
"C64160",1,330.98,330.98,"One Time Customer","Budget Customer"
"C62666",1,322.50,322.50,"One Time Customer","Budget Customer"
"C66116",1,322.45,322.45,"One Time Customer","Budget Customer"
"C24212",1,322.08,322.08,"One Time Customer","Budget Customer"
"C47486",1,320.92,320.92,"One Time Customer","Budget Customer"
"C16776",1,320.00,320.00,"One Time Customer","Budget Customer"
"C17388",1,317.25,317.25,"One Time Customer","Budget Customer"
"C72166",1,314.38,314.38,"One Time Customer","Budget Customer"
"C94479",1,314.05,314.05,"One Time Customer","Budget Customer"
"C54829",1,312.55,312.55,"One Time Customer","Budget Customer"
"C80649",1,312.11,312.11,"One Time Customer","Budget Customer"
"C74169",1,310.93,310.93,"One Time Customer","Budget Customer"
"C62277",1,309.88,309.88,"One Time Customer","Budget Customer"
"C48946",1,309.85,309.85,"One Time Customer","Budget Customer"
"C36688",1,305.17,305.17,"One Time Customer","Budget Customer"
"C64935",1,304.11,304.11,"One Time Customer","Budget Customer"
"C26767",1,303.60,303.60,"One Time Customer","Budget Customer"
"C28712",1,303.32,303.32,"One Time Customer","Budget Customer"
"C75739",1,302.70,302.70,"One Time Customer","Budget Customer"
"C82990",1,300.10,300.10,"One Time Customer","Budget Customer"
"C24901",1,299.70,299.70,"One Time Customer","Budget Customer"
"C48965",1,299.35,299.35,"One Time Customer","Budget Customer"
"C21905",1,298.06,298.06,"One Time Customer","Budget Customer"
"C21944",1,297.75,297.75,"One Time Customer","Budget Customer"
"C20448",1,296.44,296.44,"One Time Customer","Budget Customer"
"C57601",1,294.60,294.60,"One Time Customer","Budget Customer"
"C54725",1,289.32,289.32,"One Time Customer","Budget Customer"
"C73996",1,287.64,287.64,"One Time Customer","Budget Customer"
"C39000",1,287.46,287.46,"One Time Customer","Budget Customer"
"C40967",1,287.25,287.25,"One Time Customer","Budget Customer"
"C64128",1,284.64,284.64,"One Time Customer","Budget Customer"
"C12459",1,284.16,284.16,"One Time Customer","Budget Customer"
"C14080",1,283.69,283.69,"One Time Customer","Budget Customer"
"C12607",1,281.52,281.52,"One Time Customer","Budget Customer"
"C48120",1,280.25,280.25,"One Time Customer","Budget Customer"
"C88370",1,279.90,279.90,"One Time Customer","Budget Customer"
"C67604",1,279.38,279.38,"One Time Customer","Budget Customer"
"C11829",1,279.14,279.14,"One Time Customer","Budget Customer"
"C30711",1,278.66,278.66,"One Time Customer","Budget Customer"
"C28386",1,277.09,277.09,"One Time Customer","Budget Customer"
"C44492",1,277.05,277.05,"One Time Customer","Budget Customer"
"C75456",1,276.66,276.66,"One Time Customer","Budget Customer"
"C62512",1,275.22,275.22,"One Time Customer","Budget Customer"
"C33540",1,273.19,273.19,"One Time Customer","Budget Customer"
"C50275",1,269.65,269.65,"One Time Customer","Budget Customer"
"C26817",1,268.56,268.56,"One Time Customer","Budget Customer"
"C91486",1,268.32,268.32,"One Time Customer","Budget Customer"
"C30334",1,267.10,267.10,"One Time Customer","Budget Customer"
"C73629",1,265.64,265.64,"One Time Customer","Budget Customer"
"C53215",1,265.38,265.38,"One Time Customer","Budget Customer"
"C22101",1,265.20,265.20,"One Time Customer","Budget Customer"
"C11657",1,264.40,264.40,"One Time Customer","Budget Customer"
"C47283",1,263.96,263.96,"One Time Customer","Budget Customer"
"C24884",1,260.26,260.26,"One Time Customer","Budget Customer"
"C16790",1,258.96,258.96,"One Time Customer","Budget Customer"
"C28889",1,258.87,258.87,"One Time Customer","Budget Customer"
"C35566",1,258.76,258.76,"One Time Customer","Budget Customer"
"C60547",1,257.00,257.00,"One Time Customer","Budget Customer"
"C34134",1,254.12,254.12,"One Time Customer","Budget Customer"
"C49282",1,253.70,253.70,"One Time Customer","Budget Customer"
"C12472",1,252.93,252.93,"One Time Customer","Budget Customer"
"C22991",1,252.68,252.68,"One Time Customer","Budget Customer"
"C21953",1,250.46,250.46,"One Time Customer","Budget Customer"
"C32347",1,249.81,249.81,"One Time Customer","Budget Customer"
"C53501",1,249.57,249.57,"One Time Customer","Budget Customer"
"C94595",1,247.64,247.64,"One Time Customer","Budget Customer"
"C15924",1,245.89,245.89,"One Time Customer","Budget Customer"
"C92788",1,243.71,243.71,"One Time Customer","Budget Customer"
"C33099",1,241.90,241.90,"One Time Customer","Budget Customer"
"C46557",1,237.18,237.18,"One Time Customer","Budget Customer"
"C64579",1,234.37,234.37,"One Time Customer","Budget Customer"
"C12444",1,230.88,230.88,"One Time Customer","Budget Customer"
"C50612",1,226.64,226.64,"One Time Customer","Budget Customer"
"C99271",1,226.58,226.58,"One Time Customer","Budget Customer"
"C39130",1,226.55,226.55,"One Time Customer","Budget Customer"
"C12667",1,223.30,223.30,"One Time Customer","Budget Customer"
"C21437",1,222.73,222.73,"One Time Customer","Budget Customer"
"C74562",1,220.77,220.77,"One Time Customer","Budget Customer"
"C39671",1,217.56,217.56,"One Time Customer","Budget Customer"
"C42365",1,214.08,214.08,"One Time Customer","Budget Customer"
"C13525",1,212.79,212.79,"One Time Customer","Budget Customer"
"C56553",1,212.43,212.43,"One Time Customer","Budget Customer"
"C25503",1,211.14,211.14,"One Time Customer","Budget Customer"
"C35091",1,211.14,211.14,"One Time Customer","Budget Customer"
"C46877",1,210.70,210.70,"One Time Customer","Budget Customer"
"C84320",1,208.95,208.95,"One Time Customer","Budget Customer"
"C82921",1,208.36,208.36,"One Time Customer","Budget Customer"
"C87764",1,206.82,206.82,"One Time Customer","Budget Customer"
"C48649",1,204.36,204.36,"One Time Customer","Budget Customer"
"C10222",1,204.08,204.08,"One Time Customer","Budget Customer"
"C30477",1,201.58,201.58,"One Time Customer","Budget Customer"
"C87124",1,198.51,198.51,"One Time Customer","Budget Customer"
"C45482",1,198.20,198.20,"One Time Customer","Budget Customer"
"C82313",1,197.58,197.58,"One Time Customer","Budget Customer"
"C74138",1,196.94,196.94,"One Time Customer","Budget Customer"
"C22919",1,195.86,195.86,"One Time Customer","Budget Customer"
"C29568",1,194.44,194.44,"One Time Customer","Budget Customer"
"C56969",2,193.00,96.50,"Repeat Customer","Budget Customer"
"C29467",1,191.76,191.76,"One Time Customer","Budget Customer"
"C12818",1,191.04,191.04,"One Time Customer","Budget Customer"
"C15146",1,190.55,190.55,"One Time Customer","Budget Customer"
"C16758",1,188.31,188.31,"One Time Customer","Budget Customer"
"C40201",1,185.82,185.82,"One Time Customer","Budget Customer"
"C17966",1,185.74,185.74,"One Time Customer","Budget Customer"
"C62169",1,184.15,184.15,"One Time Customer","Budget Customer"
"C14837",1,183.18,183.18,"One Time Customer","Budget Customer"
"C96494",1,179.22,179.22,"One Time Customer","Budget Customer"
"C31810",1,178.44,178.44,"One Time Customer","Budget Customer"
"C20124",1,177.46,177.46,"One Time Customer","Budget Customer"
"C62070",1,176.58,176.58,"One Time Customer","Budget Customer"
"C94508",1,176.28,176.28,"One Time Customer","Budget Customer"
"C45862",1,176.10,176.10,"One Time Customer","Budget Customer"
"C86481",1,171.59,171.59,"One Time Customer","Budget Customer"
"C30955",1,167.60,167.60,"One Time Customer","Budget Customer"
"C94671",1,167.15,167.15,"One Time Customer","Budget Customer"
"C69167",1,165.03,165.03,"One Time Customer","Budget Customer"
"C14455",1,164.85,164.85,"One Time Customer","Budget Customer"
"C65497",1,163.32,163.32,"One Time Customer","Budget Customer"
"C52184",1,162.77,162.77,"One Time Customer","Budget Customer"
"C12408",1,161.54,161.54,"One Time Customer","Budget Customer"
"C25406",1,161.24,161.24,"One Time Customer","Budget Customer"
"C41903",1,160.80,160.80,"One Time Customer","Budget Customer"
"C48713",1,159.80,159.80,"One Time Customer","Budget Customer"
"C82399",1,158.68,158.68,"One Time Customer","Budget Customer"
"C81074",1,157.72,157.72,"One Time Customer","Budget Customer"
"C38262",1,155.27,155.27,"One Time Customer","Budget Customer"
"C10054",1,153.48,153.48,"One Time Customer","Budget Customer"
"C90993",1,153.12,153.12,"One Time Customer","Budget Customer"
"C44778",1,153.00,153.00,"One Time Customer","Budget Customer"
"C37235",1,151.04,151.04,"One Time Customer","Budget Customer"
"C98354",1,151.02,151.02,"One Time Customer","Budget Customer"
"C29416",1,150.17,150.17,"One Time Customer","Budget Customer"
"C93861",1,147.42,147.42,"One Time Customer","Budget Customer"
"C11473",1,146.82,146.82,"One Time Customer","Budget Customer"
"C26118",1,144.78,144.78,"One Time Customer","Budget Customer"
"C83548",1,144.25,144.25,"One Time Customer","Budget Customer"
"C18037",1,140.68,140.68,"One Time Customer","Budget Customer"
"C96583",1,139.36,139.36,"One Time Customer","Budget Customer"
"C61668",1,139.28,139.28,"One Time Customer","Budget Customer"
"C99128",1,138.33,138.33,"One Time Customer","Budget Customer"
"C79909",1,137.62,137.62,"One Time Customer","Budget Customer"
"C79508",1,135.17,135.17,"One Time Customer","Budget Customer"
"C29914",1,133.39,133.39,"One Time Customer","Budget Customer"
"C12039",1,132.68,132.68,"One Time Customer","Budget Customer"
"C35043",1,132.15,132.15,"One Time Customer","Budget Customer"
"C80987",1,132.05,132.05,"One Time Customer","Budget Customer"
"C43721",1,131.61,131.61,"One Time Customer","Budget Customer"
"C80735",1,130.14,130.14,"One Time Customer","Budget Customer"
"C93379",1,128.85,128.85,"One Time Customer","Budget Customer"
"C23917",1,127.55,127.55,"One Time Customer","Budget Customer"
"C25110",1,126.42,126.42,"One Time Customer","Budget Customer"
"C12479",1,124.10,124.10,"One Time Customer","Budget Customer"
"C68508",1,123.28,123.28,"One Time Customer","Budget Customer"
"C54595",1,121.96,121.96,"One Time Customer","Budget Customer"
"C96034",1,121.08,121.08,"One Time Customer","Budget Customer"
"C23947",1,120.98,120.98,"One Time Customer","Budget Customer"
"C84570",1,120.20,120.20,"One Time Customer","Budget Customer"
"C13923",1,118.80,118.80,"One Time Customer","Budget Customer"
"C49491",1,114.70,114.70,"One Time Customer","Budget Customer"
"C70495",1,114.14,114.14,"One Time Customer","Budget Customer"
"C98483",1,110.70,110.70,"One Time Customer","Budget Customer"
"C56722",1,110.35,110.35,"One Time Customer","Budget Customer"
"C82781",1,109.68,109.68,"One Time Customer","Budget Customer"
"C54759",1,109.29,109.29,"One Time Customer","Budget Customer"
"C13296",1,108.82,108.82,"One Time Customer","Budget Customer"
"C48790",1,107.70,107.70,"One Time Customer","Budget Customer"
"C21126",1,107.04,107.04,"One Time Customer","Budget Customer"
"C70529",1,105.92,105.92,"One Time Customer","Budget Customer"
"C87011",1,101.16,101.16,"One Time Customer","Budget Customer"
"C34416",1,99.24,99.24,"One Time Customer","Budget Customer"
"C50114",1,98.16,98.16,"One Time Customer","Budget Customer"
"C99214",1,97.86,97.86,"One Time Customer","Budget Customer"
"C77363",1,96.81,96.81,"One Time Customer","Budget Customer"
"C58156",1,95.10,95.10,"One Time Customer","Budget Customer"
"C12421",1,93.02,93.02,"One Time Customer","Budget Customer"
"C91201",1,93.00,93.00,"One Time Customer","Budget Customer"
"C89336",1,92.79,92.79,"One Time Customer","Budget Customer"
"C86864",1,92.72,92.72,"One Time Customer","Budget Customer"
"C88933",1,92.04,92.04,"One Time Customer","Budget Customer"
"C66438",1,90.27,90.27,"One Time Customer","Budget Customer"
"C23279",1,87.34,87.34,"One Time Customer","Budget Customer"
"C44733",1,87.06,87.06,"One Time Customer","Budget Customer"
"C36497",1,86.30,86.30,"One Time Customer","Budget Customer"
"C72862",1,84.80,84.80,"One Time Customer","Budget Customer"
"C86408",1,84.28,84.28,"One Time Customer","Budget Customer"
"C47365",1,82.00,82.00,"One Time Customer","Budget Customer"
"C14005",1,80.46,80.46,"One Time Customer","Budget Customer"
"C25316",1,79.06,79.06,"One Time Customer","Budget Customer"
"C66567",1,79.02,79.02,"One Time Customer","Budget Customer"
"C44176",1,77.64,77.64,"One Time Customer","Budget Customer"
"C39551",1,76.93,76.93,"One Time Customer","Budget Customer"
"C36467",1,75.78,75.78,"One Time Customer","Budget Customer"
"C39906",1,75.01,75.01,"One Time Customer","Budget Customer"
"C59774",1,72.60,72.60,"One Time Customer","Budget Customer"
"C87051",1,72.31,72.31,"One Time Customer","Budget Customer"
"C45175",1,70.82,70.82,"One Time Customer","Budget Customer"
"C27438",1,70.32,70.32,"One Time Customer","Budget Customer"
"C65107",1,70.24,70.24,"One Time Customer","Budget Customer"
"C34686",1,68.39,68.39,"One Time Customer","Budget Customer"
"C39639",1,65.95,65.95,"One Time Customer","Budget Customer"
"C32854",1,65.45,65.45,"One Time Customer","Budget Customer"
"C94248",1,64.66,64.66,"One Time Customer","Budget Customer"
"C49938",1,62.12,62.12,"One Time Customer","Budget Customer"
"C29701",1,61.62,61.62,"One Time Customer","Budget Customer"
"C29092",1,60.04,60.04,"One Time Customer","Budget Customer"
"C50137",1,59.19,59.19,"One Time Customer","Budget Customer"
"C93175",1,58.76,58.76,"One Time Customer","Budget Customer"
"C24769",1,57.10,57.10,"One Time Customer","Budget Customer"
"C50211",1,53.00,53.00,"One Time Customer","Budget Customer"
"C62312",1,52.54,52.54,"One Time Customer","Budget Customer"
"C84888",1,51.73,51.73,"One Time Customer","Budget Customer"
"C25587",1,48.40,48.40,"One Time Customer","Budget Customer"
"C11644",1,46.66,46.66,"One Time Customer","Budget Customer"
"C36492",1,45.94,45.94,"One Time Customer","Budget Customer"
"C73370",1,44.35,44.35,"One Time Customer","Budget Customer"
"C62627",1,41.09,41.09,"One Time Customer","Budget Customer"
"C96636",1,39.56,39.56,"One Time Customer","Budget Customer"
"C63018",1,38.49,38.49,"One Time Customer","Budget Customer"
"C81573",1,36.65,36.65,"One Time Customer","Budget Customer"
"C48531",1,30.54,30.54,"One Time Customer","Budget Customer"
"C11985",1,30.44,30.44,"One Time Customer","Budget Customer"
"C28552",1,29.86,29.86,"One Time Customer","Budget Customer"
"C67533",1,26.95,26.95,"One Time Customer","Budget Customer"
"C29318",1,24.48,24.48,"One Time Customer","Budget Customer"
"C28406",1,23.53,23.53,"One Time Customer","Budget Customer"
"C69168",1,21.19,21.19,"One Time Customer","Budget Customer"
"C88174",1,18.20,18.20,"One Time Customer","Budget Customer"
"C49726",1,17.98,17.98,"One Time Customer","Budget Customer"
"C14983",1,17.24,17.24,"One Time Customer","Budget Customer"
"C98276",1,14.06,14.06,"One Time Customer","Budget Customer"
"C32570",1,11.39,11.39,"One Time Customer","Budget Customer"
